root_id,cell_type,x,y,z
720575940644753608,R1-6,811240,105.44,80.6
720575940613614250,R8,848432,437.22,80.6
720575940624380455,R1-6,834496,28.2,136.4
720575940618311142,R1-6,816396,215.08,39.8
720575940628296872,R8,823240,76.78,297.6
720575940634340066,R1-6,822768,52.64,89.2
720575940625141995,R7,822236,399.32,254
720575940612445107,R8,814684,217.22,274.8
720575940606095532,R7,850284,284.26,79.4
720575940640400547,R1-6,855352,361.36,112.8
720575940637504142,R1-6,840896,288.42,0.4
720575940619721782,R1-6,842824,96.9,148
720575940642224859,R1-6,850056,362.72,113
720575940631392220,R1-6,791936,496.28,62.2
720575940616715314,R1-6,850216,506.46,99.4
720575940613764323,R1-6,866572,462.04,310.8
720575940613987555,R1-6,877332,306.18,415.6
720575940635651263,R8,857852,298.15,228.6
720575940606723430,R7,807516,274.12,117.2
720575940624312772,R1-6,838016,20.63,194.1
720575940622537456,R1-6,873756,308.96,415
720575940613424554,R1-6,857492,1.92,467.2
720575940620522955,R1-6,813860,31.06,62.4
720575940640332605,R1-6,802644,126.76,80.6
720575940640439411,R1-6,866600,129.3,475
720575940640018741,R1-6,863256,28,489.8
720575940630704896,R1-6,855480,401.44,115.8
720575940640675699,R7,834050,142.95,473.2
720575940618657108,R1-6,876832,283.9,236.8
720575940638665306,R1-6,865788,426.56,333.4
720575940618231133,R1-6,813388,435.97,99.6
720575940616291551,R7,806112,395.78,252.2
720575940635786335,R1-6,829560,47.86,183.4
720575940616180546,R1-6,845496,507.74,350.6
720575940620439381,R1-6,871208,477.82,278.6
720575940606624177,R1-6,833964,106.8,80.4
720575940618681501,R1-6,848504,62.04,80.4
720575940638798052,R7,795996,482.48,192.8
720575940623572445,R8,811508,504.58,233.4
720575940606519910,R1-6,885360,263.04,390.6
720575940627775668,R1-6,858516,288.6,253.4
720575940630857728,R1-6,809472,412.84,15.6
720575940626694949,R8,823220,288.12,252
720575940625097992,R1-6,810448,436.56,72.6
720575940630450302,R1-6,840636,192.04,155
720575940612596954,R1-6,847980,5.12,233.8
720575940632606568,R1-6,840449.3333333334,124.81333333333329,97.46666666666664
720575940619297600,R1-6,885092,235.76,369.6
720575940632007186,R7,833008,150.84,297.6
720575940610753348,R1-6,812420,315.18,95.6
720575940624755453,R1-6,866048,325.66,297.6
720575940626586149,R1-6,875236,477.6,350.6
720575940635717786,R8,844708,267.38,412.8
720575940606412771,R8,825876,119,297.6
720575940619775355,R8,847636,311.72,187
720575940624641205,R8,814516,503.49,237.5
720575940636527727,R1-6,859768,294.25,296.1
720575940636916599,R1-6,872076,166.14,368.4
720575940615143121,R1-6,839916,221.12,61.8
720575940619337024,R1-6,850048,344.36,23
720575940611720883,R1-6,835228,253.74,53.2
720575940624721149,R1-6,873968,349.12,381
720575940624977481,R8,825888,329.18,271.6
720575940623731981,R1-6,819252,143.52,73.2
720575940626001741,R1-6,855272,462.14,350.6
720575940648236676,R1-6,826938,96.53,102.6
720575940632737327,R8,800968,500.35,216.9
720575940616331487,R8,760904,252.82,193.6
720575940612598165,R7,850840,390.58,80.6
720575940625538964,R1-6,828016,305.6,113.6
720575940625766158,R1-6,798240,490.4,18.4
720575940633475667,R1-6,848544,242.46,14.2
720575940621344427,R1-6,821232,175.8,25.8
720575940614766131,R1-6,814488,102.8,120.8
720575940625670414,R1-6,807648,38.18,98.6
720575940632709945,R7,795976,395.62,167.4
720575940623994762,R1-6,866192,400.72,353
720575940628367889,R1-6,827716,387.62,46.2
720575940610765892,R1-6,849200,226.94,25.4
720575940622306486,R7,851560,494.18,350.6
720575940607547337,R1-6,874340,435.52,254.8
720575940631194988,R1-6,825868,19.88,82.2
720575940635300448,R7,839000,363.82,404.6
720575940634019795,R1-6,853118,349.49,182.7
720575940633654189,R1-6,840740,388.12,75.2
720575940623650072,R1-6,855028,510.06,350.6
720575940617373813,R1-6,858928,273.52,253.4
720575940635245408,R1-6,826556,174.28,112.2
720575940613250789,R1-6,858264,397.8,63
720575940624710151,R1-6,826468,35.48,153.2
720575940627251484,R1-6,869936,175.98,417.4
720575940635235936,R1-6,841868,299.02,142
720575940638881252,R1-6,825546,72.99,59.4
720575940646022254,R1-6,869950,504.38,311
720575940632090130,R1-6,817768,304.24,40.4
720575940623038332,R1-6,828040,203.82,99.8
720575940632203538,R1-6,819752,51.04,111.2
720575940628776616,R1-6,838706,277.09,100
720575940632070095,R1-6,850060,346.12,38.4
720575940621295599,R7,839396,169.8,299.8
720575940627068990,R1-6,816756,252.46,44.4
720575940628569348,R1-6,802684,114.42,80.6
720575940626658341,R1-6,812184,489.68,94.2
720575940615212542,R1-6,881388,241.4,411.6
720575940615172775,R1-6,871176,485.1,328.4
720575940639016767,R1-6,826104,229.36,51.2
720575940637167582,R8,814032,388.52,192
720575940618899013,R1-6,871484,501.54,349.6
720575940625796878,R1-6,872716,130.04,396.6
720575940628441105,R8,830464,465.92,315.8
720575940637421925,R1-6,869628,138.32,439.4
720575940639165156,R1-6,817904,228.9,49
720575940637288805,R1-6,826524,183.98,16.6
720575940622869417,R1-6,869756,36.2,389.8
720575940632013643,R1-6,807060,13.82,94.2
720575940617358965,R1-6,852800,258.48,201
720575940631638981,R7,833634,303.84,221
720575940629787651,R7,838000,358.42,255.6
720575940639937981,R1-6,831316,45.3,119.8
720575940626630288,R8,837212,82.40666666666671,222.93333333333337
720575940618292697,R8,833200,275.18,81.2
720575940632819048,R1-6,863452,426.48,239.4
720575940607488457,R1-6,837276,349.34,156.8
720575940628473092,R8,771712,222.04,112
720575940629573648,R1-6,827420,75,151.2
720575940630889527,R1-6,808504,69.22,54.6
720575940612871386,R1-6,847118,124.91,124.8
720575940623865624,R8,834428,439.72,80.6
720575940619727262,R1-6,825376,267.08,84.4
720575940621973942,R1-6,826540,363.5,48.6
720575940618844189,R1-6,851396,290.36,142.4
720575940625363529,R1-6,818976,286.18,89.6
720575940644705736,R1-6,866752,423.98,265.4
720575940615189758,R1-6,863584,437.38,263.6
720575940659591297,R8,845788,247.7,220.6
720575940629752067,R1-6,824932,132.22,110.4
720575940605861804,R1-6,876344,164.18,393
720575940612733553,R1-6,822392,186.22,82
720575940615199143,R8,827944,165.62,278
720575940633387309,R1-6,862052,212,269.8
720575940620414800,R1-6,864344,53.16,271.6
720575940626862654,R1-6,813908,468.46,69.2
720575940624836937,R8,832614.6666666666,304.74,339.6
720575940621820086,R1-6,861652,511.06,293
720575940621520110,R1-6,879364,252.66,448
720575940626956837,R8,794124,368.82,184.8
720575940620979476,R1-6,865140,286.32,422.8
720575940618165597,R1-6,828448,30.69,128.1
720575940626486576,R1-6,873172,123.86,389.6
720575940645671732,R1-6,873220,104.08,272.4
720575940609479179,R8,813692,32.94,379.2
720575940645434148,R1-6,851656,426.76,37.6
720575940613621014,R1-6,842336,174.34,218.2
720575940615847786,R1-6,812084,380.3,59.6
720575940615179774,R1-6,817120,114.68,120.8
720575940629622607,R7,830548,92.07,294.2
720575940629315371,R8,817932,8.18,356.4
720575940632646457,R1-6,800808,491.94,53.6
720575940627927429,R1-6,852248,471.66,350.6
720575940633014599,R1-6,841172,329.88,96.8
720575940628431176,R1-6,827032,428.42,40.6
720575940631163715,R1-6,822272,213.82,54.2
720575940628443947,R1-6,883460,150.6,431.8
720575940618758429,R1-6,863348,376.62,187.8
720575940636262030,R1-6,845008,374.84,20.8
720575940611501688,R1-6,858112,107.66,235.4
720575940618186555,R7,837576,409.28,205.8
720575940625137405,R7,814196,343.2,239.2
720575940627275537,R1-6,849792,393.4,66
720575940633541165,R8,837120,190.38,424.2
720575940626209613,R1-6,872700,275.48,255.6
720575940620326872,R1-6,863548,408.68,173.8
720575940639319622,R1-6,813484,117.44,29.8
720575940621158309,R1-6,852308,72.02,259
720575940620707925,R1-6,838936,151.06,126.6
720575940632109842,R1-6,840188,339.14,93.2
720575940620673739,R8,783004,308.28,120
720575940617804505,R1-6,876480,189.46,312.8
720575940634136483,R1-6,863664,416.02,391
720575940625392532,R1-6,876400,164.48,441.4
720575940625494164,R8,832052,58,325
720575940648348548,R1-6,826908,128.84,80.6
720575940622551045,R1-6,807728,487.18,94.4
720575940624172824,R1-6,846376,242.16,176
720575940653203446,R1-6,863212,268.46,173.8
720575940626897552,R1-6,800684,222.58,48.2
720575940629282665,R1-6,807092,15.16,146
720575940614500392,R7,836800,149.76,441.6
720575940636830583,R1-6,874348,509.68,264.8
720575940616612806,R1-6,827920,228.52,92.4
720575940624105257,R1-6,803628,491.96,83.6
720575940618237789,R1-6,877208,288.92,450.6
720575940627993989,R1-6,851988,274.74,37
720575940633279180,R1-6,855920,472.28,182
720575940628010117,R1-6,827126,76.73,102.6
720575940630420311,R1-6,796728,412.64,4
720575940636112308,R1-6,856280,481.7,317.8
720575940641262032,R1-6,871392,363.46,334
720575940623971085,R1-6,803662,291.56,23.4
720575940632182058,R1-6,868044,310.56,272
720575940620540619,R1-6,848848,220.04,25.4
720575940635598746,R1-6,808040,99.96,63.6
720575940630470526,R1-6,814472,95.04,80.6
720575940628811082,R1-6,879484,304.76,267.6
720575940634840345,R1-6,885348,314.36,415
720575940607907970,R1-6,823948,24.4,100.2
720575940623592925,R1-6,863672,119.72,268.4
720575940618396628,R1-6,866524,95.64,465.4
720575940621866049,R1-6,820345.3333333334,114.68,52.866666666666646
720575940609421321,R1-6,800520,395.76,22.6
720575940653317878,R1-6,827796,478.68,105.4
720575940637375630,R1-6,805818,399.81,31.5
720575940618508774,R7,830492,406.02,89
720575940641531856,R1-6,875576,207.8,486.4
720575940620270552,R1-6,874416,72.38,369.4
720575940613210265,R1-6,873720,120.98,414
720575940648165508,R8,830532,119.14,304.6
720575940632202511,R1-6,881004,248.38,430.8
720575940640372541,R1-6,810992,424.94,87.8
720575940622361215,R7,785698,170.94,160.3
720575940631210819,R1-6,829244,284.42,48.2
720575940631787471,R1-6,865876,367.76,157.8
720575940615720854,R1-6,869720,32.4,381.8
720575940607958990,R1-6,802620,499.94,27.2
720575940622660101,R1-6,866024,391.56,352.8
720575940627108636,R7,825508,112.3,297.6
720575940638832100,R1-6,803516,476.92,67.2
720575940624167827,R1-6,803292,16.16,82
720575940632307048,R1-6,849900,8.56,297.4
720575940637156197,R8,826244,71.38,297.6
720575940621190022,R8,854556,59.52,308
720575940606330726,R1-6,811988,196.58,116.8
720575940640980864,R1-6,854080,186.34,210.2
720575940632869423,R7,800256,382.5,199.2
720575940622106790,R7,834368,92.44,377.4
720575940622176628,R7,810964,392.6,80.6
720575940613431062,R8,830032,85.06,297.6
720575940632638776,R1-6,796340,454.98,63
720575940616516364,R1-6,858984,27.96,248.4
720575940625814823,R1-6,867460,19.96,391
720575940616605490,R1-6,853292,19.9,256.6
720575940637570222,R1-6,862568,10.36,386.6
720575940617996347,R1-6,843704,73.62,160.8
720575940630902327,R1-6,803420,102.42,80.6
720575940640256115,R1-6,846688,20.38,251.2
720575940620250417,R1-6,823120,390.98,16.2
720575940627290457,R8,825728,109.8,297.6
720575940631103196,R1-6,813504,108.54,68.4
720575940616275778,R1-6,811172,479.14,94.2
720575940606139680,R1-6,871472,406.56,383.4
720575940622084006,R1-6,850732,505,350.6
720575940618082004,R1-6,815836,313.48,106.4
720575940637508782,R1-6,833688,93.08,133.2
720575940610185411,R1-6,870052,234.7,445.2
720575940625905383,R8,814226.6666666666,490.72,236.53333333333336
720575940626966218,R1-6,876972,319.32,437.8
720575940621385387,R1-6,861796,4.8,471.8
720575940624189064,R1-6,861108,275.96,422.8
720575940629851803,R1-6,870084,459.34,415.4
720575940635682239,R1-6,824160,369.48,38.6
720575940622699504,R1-6,848736,448.8,145.8
720575940605616096,R1-6,810032,109.54,61.6
720575940626788144,R7,839488,253.78,348.4
720575940615271591,R7,831300,430.1,198.8
720575940634805155,R1-6,886008,381.24,297.6
720575940617055675,R1-6,844452,313.88,86.4
720575940627522078,R1-6,865904,64.74,389.2
720575940616947387,R1-6,840820,346.42,92.4
720575940628101898,R1-6,826032,485.1,51
720575940637289870,R1-6,867360,177.06,440.4
720575940612852978,R1-6,863264,506.28,161.4
720575940632688175,R1-6,865308,503.32,279.2
720575940612990869,R8,816524,18.2,308.4
720575940613963491,R1-6,871284,413.0266666666666,407.13333333333327
720575940619420736,R1-6,861090,487.51,187.7
720575940625854990,R1-6,819066,103.69,53.8
720575940626857418,R1-6,868168,292.46,452
720575940610005955,R7,804148,454.32,203.2
720575940633245983,R1-6,857044,274.2,140
720575940620972308,R8,825324,491.26,244
720575940636832375,R7,771684,349.88,89.4
720575940621217728,R1-6,861252,289.42,165.8
720575940618701569,R1-6,828660,45.33,107.2
720575940612990101,R1-6,881864,213.28,403
720575940634319827,R8,806216,308.26,17.6
720575940643940660,R1-6,849916,79.44,284.6
720575940616430146,R7,796692,406.64,80.8
720575940612910997,R1-6,865504,74.42,245.4
720575940628266066,R1-6,872160,149.34,404.4
720575940613271781,R8,825716,429.08,244.2
720575940640461987,R1-6,812260,441.04,72.6
720575940630474434,R8,822848,345.74,81
720575940626049613,R1-6,835788,75.24,80.4
720575940627514969,R1-6,849424,121.34,192.2
720575940615318178,R7,834740,420.18,292
720575940632102159,R1-6,809360,80.82,80.6
720575940606543038,R1-6,855860,326.68,119.6
720575940638717929,R1-6,869564,470.04,180.8
720575940631006780,R1-6,831338,133.58,93.9
720575940621047461,R1-6,828958.6666666666,69.65333333333328,88.6
720575940634280417,R1-6,837552,501.48,103.4
720575940632594489,R1-6,855792,500.84,216.4
720575940626649381,R1-6,862096,297.3,142.8
720575940629428418,R1-6,807508,143.94,33.8
720575940616102918,R1-6,831296,12.12,157.6
720575940608024754,R1-6,874728,292.94,250.2
720575940620226776,R1-6,873400,475.52,306.8
720575940631487995,R1-6,799488,461.24,69.8
720575940620712528,R1-6,832076,240.56,20.2
720575940610880324,R8,841588,206.56,318
720575940616346015,R1-6,837080,23.18,173.2
720575940635768159,R1-6,840180,149.82,185.6
720575940615213822,R1-6,810688,362.38,60.8
720575940613315993,R1-6,874552,284.56,225
720575940619504507,R1-6,866984,233.82,316
720575940621875521,R1-6,840152,296.6,142
720575940626697264,R8,832592,326.32,347.6
720575940630763575,R1-6,870392,502.96,301.2
720575940632981073,R1-6,820200,396.98,60
720575940633278156,R1-6,866174,405.89,184.6
720575940647716148,R1-6,866676,109.84,432.2
720575940617918393,R8,812796,13.94,276.8
720575940606416230,R1-6,832324,254.22,116
720575940633390500,R8,829170,199.57,287.6
720575940627290626,R1-6,847652,271.12,108
720575940628139578,R1-6,814688,91.94,41.8
720575940621852326,R1-6,861472,180,195.4
720575940627285635,R1-6,830708,87.68,18.2
720575940623271389,R1-6,800204,466.76,48.2
720575940640382773,R1-6,866172,419.92,223
720575940635494810,R7,805382,430.65,315.4
720575940630199034,R1-6,823420,293.16,39
720575940625280235,R1-6,842804,297.18,119.6
720575940625880846,R7,816120,332.14,234.4
720575940632101963,R1-6,822604,486.12,33.8
720575940606221414,R1-6,873532,469.24,311
720575940628253690,R7,829400,22.22,338.8
720575940606383038,R1-6,809132,178.1,38.4
720575940628811594,R1-6,860916,115.14,265.2
720575940653193974,R1-6,867644,191.96,454
720575940633762003,R7,824004,35.02,292
720575940612134498,R1-6,826756,207.16,110.6
720575940628467985,R8,832020,408.96,223
720575940622895484,R1-6,843596,36.02,278.2
720575940625702926,R1-6,821364,476.7,93
720575940630004792,R8,826416,431.98,293.4
720575940618595585,R1-6,867408,446.78,204.8
720575940616860859,R7,839656,292.62,247.4
720575940623726435,R1-6,854000,294.04,125.4
720575940637459546,R1-6,814640,125.84,78.6
720575940615613855,R7,836104,192.1,346.4
720575940624210628,R1-6,814332,476.6,12.2
720575940617251670,R1-6,878560,269.8,318.2
720575940609468939,R1-6,810828,303.68,96.4
720575940606492350,R8,817336,66.72,307.2
720575940621450923,R1-6,882590,224.9,447.6
720575940616113158,R1-6,836092,2.54,160.6
720575940628299834,R7,824456,20.21,347.8
720575940622972705,R7,836776,483.46,232.2
720575940618508006,R8,817196,106.16,278.2
720575940618590209,R1-6,806256,433.58,13.4
720575940645760791,R1-6,826024,499.54,43
720575940639366470,R1-6,833160,396.94,39.6
720575940621707174,R7,843304,282.18,323.6
720575940647150883,R1-6,853372,171.76,180
720575940630369743,R1-6,826572,152.22,35.6
720575940624711933,R1-6,829504,41.08,80.2
720575940617895636,R1-6,878068,228.82,314.4
720575940639159012,R1-6,804068,220.88,95.6
720575940637611632,R1-6,859436,496.82,244.8
720575940617625883,R7,846216,164.8,249.8
720575940622501759,R1-6,873764,244.18,396.2
720575940615903082,R1-6,887624,284.32,388.8
720575940607573449,R1-6,871100,370.6,426.6
720575940617782233,R1-6,882596,353.18,301.8
720575940635628479,R1-6,841140,377.18,77.6
720575940626662693,R1-6,872348,91.18,493.8
720575940614614312,R1-6,821372,275.87,46.9
720575940636483252,R1-6,882704,184.28,394.8
720575940626386224,R1-6,821348,43.28,45
720575940637030007,R7,754768,170.72,200.4
720575940624616375,R8,837320,198.14,310.8
720575940623182156,R1-6,849282,129.9,124.2
720575940623462499,R1-6,870236,422.84,285.4
720575940631080822,R7,831448,164.44,297.6
720575940620105265,R7,829920,434.62,285.4
720575940625449971,R8,820956,34.4,355.4
720575940621956161,R7,840400,373.62,234.2
720575940647622964,R1-6,842232,165.18,166.4
720575940640285272,R8,749564,355.44,69.2
720575940615170302,R1-6,866640,360.08,421.2
720575940616486598,R8,831266,140.18,290.1
720575940614772399,R1-6,871960,110.18,416.4
720575940627945042,R8,825340,26.48,418.2
720575940623725773,R7,827184,68.32,297.6
720575940626945636,R1-6,850920,51.1,256.2
720575940619921822,R1-6,884792,272.46,412.6
720575940636701551,R1-6,866396,409.5,193
720575940618197433,R8,831044,184.14,277.8
720575940629920411,R1-6,845520,345.38,99.2
720575940639953205,R1-6,844324,197.76,155.6
720575940627896842,R1-6,868616,480.26,327.6
720575940633205668,R1-6,868184,440.5,307.2
720575940640732760,R1-6,872164,231,418.6
720575940606413344,R1-6,874872,337.14,456.6
720575940624033741,R1-6,798800,389.95333333333343,17.533333333333356
720575940623681293,R1-6,839600,232.98,184.6
720575940634350306,R1-6,852892,203.92,163.4
720575940629473323,R7,866476,486.6,350.6
720575940632617784,R1-6,832616,441.66,49
720575940631205420,R8,834084,91.46,377.4
720575940633169177,R8,816832,293,286
720575940628032778,R1-6,837804,397.14,70.6
720575940618589524,R1-6,813964,75.38,59.6
720575940632176426,R1-6,816532,122.73,29.2
720575940636397748,R8,837176,356.74,254.2
720575940630970531,R1-6,863988,412.08,417.6
720575940626847844,R1-6,870752,387.98,351.4
720575940615491734,R1-6,867448,235.44,238.2
720575940617533323,R8,826742,456.93,205.6
720575940624180232,R1-6,873548,136.28,376.8
720575940628826116,R8,834626,110.56,339
720575940633840685,R8,811600,6.4,275.6
720575940630868012,R1-6,864840,401.26,244
720575940632809795,R1-6,858780,351.94,125.4
720575940639793341,R1-6,854292,363.12,144
720575940633053521,R1-6,870544,357.56,218
720575940624326636,R1-6,849600,399.74,42.2
720575940616776134,R1-6,823096,328.92,67.4
720575940636563055,R1-6,867016,197.28,239
720575940623435959,R1-6,832164,99.94,87.6
720575940632339404,R1-6,810812,338.98,35.4
720575940622751145,R8,833304,178.92,302.2
720575940627995017,R1-6,862516,498.68,286
720575940621329755,R1-6,862100,506.98,350.4
720575940639957693,R1-6,831490,165.57,79.8
720575940635759258,R1-6,808732,149.44,64.8
720575940632306792,R1-6,851676,17.82,305.4
720575940624592391,R7,823164,48.64,339.2
720575940623581917,R8,821460,5.54,384.8
720575940615468987,R8,836956,267.76,359.8
720575940645617175,R8,836216,497.3,482.8
720575940618167185,R1-6,871212,364.76,437.4
720575940622734853,R1-6,848204,86.64,149
720575940621351558,R1-6,836736,54.02,127.8
720575940633915603,R1-6,845316,149.34,175.4
720575940625054727,R1-6,869624,240.48,427
720575940607908226,R1-6,865616,297.12,146.8
720575940627262978,R1-6,886244,322.74,424.8
720575940632408121,R1-6,870352,174.72,275
720575940640344691,R1-6,858128,485.84,350.6
720575940617947353,R1-6,811188,33.8,125.8
720575940615155921,R1-6,818152,108.01,92
720575940644218784,R7,822712,343.6,81
720575940621922124,R1-6,852936,244.66,117.2
720575940629837819,R7,836248,88.48,400.8
720575940609362443,R1-6,813148,117.06,120.8
720575940639764669,R1-6,877970,338.49,297.5
720575940640351859,R1-6,869560,442.36,335.8
720575940614814639,R1-6,828260,344.76,102.4
720575940639847101,R1-6,828132,144.84,72
720575940628823281,R7,848384,197.74,507.8
720575940617365846,R1-6,872360,454.16,246.6
720575940618690644,R1-6,839684,197.51,133.8
720575940632717368,R1-6,823908,258.88,95.2
720575940635589530,R8,827268,300.42,250.2
720575940635609751,R7,832684,351.2,240.2
720575940610215875,R1-6,864204,458.52,174.2
720575940618370449,R7,832736,442.4,262.8
720575940622125428,R1-6,833868,421.66,58
720575940619727006,R1-6,831312,274.54,84.4
720575940628302609,R1-6,861856,285.46,422.8
720575940618105812,R1-6,850406,466.74,149.3
720575940615317671,R1-6,856936,194.2,171.2
720575940633631661,R8,806318,463.49,225.3
720575940644754592,R7,809068,440.68,80.6
720575940629915139,R8,837328,317.66,176.1
720575940640412067,R1-6,801976,64.9,135.6
720575940640214643,R8,828140,511.94,404
720575940619677494,R1-6,866720,425.66,192.4
720575940606524337,R8,858560,370.58,243.6
720575940613182873,R1-6,805556,127.14,49.2
720575940635752383,R1-6,856236,316.82,141.6
720575940627945554,R8,780568,455.24,145.4
720575940635647935,R1-6,872260,378.42,321.8
720575940631315705,R1-6,875436,236.52,409.2
720575940623458124,R1-6,807764,466.58,80
720575940612179042,R8,844584,334.12,297.6
720575940631128694,R7,833676,429.24,291
720575940623808973,R1-6,871708,185,370
720575940609828821,R1-6,866488,296.12,171.2
720575940626508176,R1-6,820968,349.34,28.4
720575940640513395,R1-6,859868,395.04,63
720575940622712414,R1-6,832556,55.96,104.8
720575940620158379,R1-6,821228,30.58,17
720575940638404580,R7,810212,314.1,80.6
720575940623909400,R1-6,876252,305.9,446.6
720575940615028433,R1-6,854908,467.04,198.4
720575940611376174,R1-6,832604,242.88,20.2
720575940643016077,R1-6,855568,236.08,214.2
720575940621269382,R1-6,805772,206.54,72.8
720575940619081285,R1-6,865668,376.78,199.6
720575940614066915,R1-6,837560,325.14,152.8
720575940621730657,R1-6,839773.3333333334,173.14,170.46666666666664
720575940616429890,R8,801028,421.64,80.6
720575940609493515,R1-6,845244,496.7,142
720575940630633207,R1-6,865872,297.8,186.6
720575940621949622,R1-6,887208,242.86,427.6
720575940632129551,R1-6,848400,0.69,251.9
720575940634046419,R8,831984,501.68,384.2
720575940618557953,R1-6,883204,265.04,342
720575940626005581,R1-6,863620,491.98,350.6
720575940624832437,R1-6,800796,379.02,69.6
720575940635338903,R1-6,816576,449.18,69.2
720575940624672329,R1-6,868616,198.16,225.4
720575940621891238,R8,841944,183.4,350.8
720575940629640451,R1-6,813316,222.32,125.8
720575940624115497,R1-6,874416,285.42,435.8
720575940642645979,R1-6,886380,310.88,406.2
720575940638181086,R7,758188,350.82,93.4
720575940614774323,R1-6,820384,53.46,89.2
720575940624106948,R7,838480,286.08,297.8
720575940625166828,R1-6,855472,162.54,208.4
720575940626573002,R1-6,850744,460.54,312.6
720575940617399126,R1-6,863060,447.3,189.2
720575940607996338,R1-6,824520,460.8,88.8
720575940607518409,R1-6,799540,281.96,54.2
720575940616973499,R1-6,850244,459.82,163
720575940637290126,R1-6,840440,363.66,156.8
720575940628543748,R8,835692,90.16,400.8
720575940630738652,R7,827792,79.14,297.8
720575940630289146,R1-6,869048,38,472.2
720575940640063566,R1-6,834150,434.46,56.9
720575940614716141,R1-6,870492,143.06,167.8
720575940641821069,R1-6,870240,205,202
720575940621565166,R1-6,867104,448.66,411.6
720575940610110403,R1-6,841616,400.72,72.8
720575940617435478,R1-6,861324,457.14,241.4
720575940632837004,R1-6,811900,227,87.2
720575940633988179,R7,830748,385.1,381.4
720575940632090699,R1-6,814556,353.88,100.6
720575940619909359,R7,815144,437.82,314.6
720575940613545586,R1-6,867124,138.12,459.2
720575940616764859,R1-6,876672,374.3,271.4
720575940632793903,R1-6,857968,476.46,350.6
720575940627837010,R1-6,867412,291.2,294.6
720575940616831794,R7,836752,94.78,324.4
720575940618529570,R1-6,862336,475.2,167
720575940631853007,R1-6,828166,81.5,76.4
720575940633605459,R1-6,823908,213.6,68.8
720575940612644058,R7,819284,493.78,336.4
720575940627381379,R1-6,810076,226.32,40.4
720575940613335269,R1-6,845776,418.24,130.6
720575940634500578,R1-6,858038.6666666666,109.23333333333329,163
720575940629810791,R1-6,857584,442.76,309.2
720575940633160332,R7,842676,247.15,413.4
720575940629568299,R1-6,874180,365.5,322.8
720575940606770865,R1-6,805128,164.78,102.2
720575940634975644,R1-6,848388,428.6,81.4
720575940614814383,R1-6,835834,321.71,1.2
720575940628688616,R8,843688,472.18,239.2
720575940631324921,R1-6,872732,71.94,437.2
720575940611082564,R1-6,869696,39.46,425
720575940622562654,R1-6,876380,433.34,289.2
720575940623495779,R1-6,882324,344.24,283.6
720575940632125259,R1-6,869384,387.2,264.4
720575940626644068,R7,823832,413.52,350.8
720575940653496822,R8,817048,453.31,256.3
720575940612920433,R8,851604,463.46,80.6
720575940639886013,R1-6,828282,10.58,163.8
720575940624816381,R1-6,855556,25.56,261.4
720575940650464377,R1-6,868428,497.28,350.6
720575940632619832,R1-6,826744,448.92,76.8
720575940640921984,R1-6,875644,349.24,428.2
720575940632628584,R1-6,861288,392.7,222.8
720575940640214325,R8,818888,1.79,284.7
720575940628271121,R1-6,874292,245,327.8
720575940624437130,R8,839548,254.02,81.2
720575940610777668,R1-6,828400,312.34,91.8
720575940621768545,R1-6,859848,338.42,224
720575940625772814,R1-6,858172,386.58,378.6
720575940623312135,R1-6,816436,143.92,55.2
720575940621423041,R8,799220,460.34,188.8
720575940637767792,R1-6,872280,126.24,403.4
720575940632257578,R1-6,858368,486.66,160.6
720575940625272980,R7,839668,66.4,453.8
720575940621375983,R1-6,818124,340.46,18
720575940617978683,R1-6,844648,42.78,219.4
720575940612801498,R1-6,855324,230.52,223
720575940613313765,R1-6,877404,309.04,438.6
720575940653052662,R1-6,868768,424.74,370
720575940618296038,R1-6,839644,225.78,184.6
720575940617300054,R8,838524,181.16,350.8
720575940612205774,R1-6,850516,55.84,80.6
720575940631363031,R1-6,810068,292.98,95.6
720575940631909839,R1-6,858224,395.36,63
720575940626688144,R7,827612,52.96666666666672,80.4
720575940614340242,R1-6,893948,344.16,253.2
720575940630162938,R1-6,830748,112.04,97
720575940615580678,R1-6,831648,39.26,158.6
720575940644784328,R1-6,846496,229.16,111.8
720575940620735960,R1-6,894216,281.41,410.3
720575940634502591,R1-6,836248,95.26,93
720575940650571385,R8,822292,418.18,80.6
720575940625495480,R1-6,869160,213.96,225.8
720575940628866044,R1-6,879420,245.96,435.4
720575940622628120,R1-6,836736,359.92,33.8
720575940615934943,R8,840232,67.4,453.8
720575940621802223,R1-6,828400,382.84,87.8
720575940617624203,R1-6,834132,242.32,20.2
720575940621508262,R7,827748,315.94,81
720575940630371966,R1-6,806562,26.85,74.1
720575940638776127,R7,822152,39.24,297.4
720575940634963100,R1-6,865696,89.46,458.4
720575940606237798,R1-6,871000,455.88,281
720575940606421257,R7,837796,488.8,487.2
720575940623736344,R1-6,871016,94.81,243.7
720575940632050703,R1-6,826808,63.29,33.5
720575940606401507,R8,823956,21.96,348.5
720575940639743541,R1-6,871372,205.44,299.2
720575940611875170,R1-6,813006,41.47,5.3
720575940609497611,R8,840564,251.96,388.6
720575940634019027,R1-6,863684,39.16,414
720575940631486715,R1-6,816272,396.96,63.4
720575940621748929,R8,785984,313.76,144.2
720575940607937922,R1-6,875456,180.9,432
720575940626341680,R8,822124,39.48,317.2
720575940608087730,R1-6,866836,322.14,188.8
720575940639635901,R1-6,864288,72.97,291.8
720575940614780723,R1-6,879353.3333333334,192.80666666666656,405.6
720575940627070820,R1-6,861160,16.92,414.8
720575940627699608,R1-6,841156,47.18,173.6
720575940631635052,R7,827464,222.62,232.8
720575940638719578,R1-6,819760,165.6,63.2
720575940606451134,R1-6,837132,0.36,243.8
720575940642961805,R1-6,849860,220.68,25.4
720575940631160620,R1-6,818588,356.22,93.2
720575940624856573,R1-6,876544,155.26,261.2
720575940646985251,R1-6,870460,504.58,275.4
720575940623375325,R1-6,868996,370.54,396.8
720575940631014656,R1-6,870896,316.9,161.7
720575940613463318,R1-6,875884,416.7,391.4
720575940620941588,R1-6,869724,469.34,421.2
720575940623100766,R1-6,859128,142.54,464.2
720575940618781979,R1-6,864184,273.18,422.8
720575940618189713,R1-6,832940,314.56,96
720575940641939252,R1-6,871668,70.98,443.4
720575940637299342,R1-6,835024,411.8,55
720575940618794779,R1-6,813704,27.32,130.4
720575940630042011,R7,824168,265.96,287.4
720575940636548276,R1-6,800664,304.8,86.4
720575940614101731,R8,813914,397.15,216.2
720575940624634295,R1-6,865144,27.6,485.6
720575940618733313,R1-6,835746,139.15,91.9
720575940622807209,R1-6,825244,138.7,90.8
720575940620326104,R1-6,819856,7.32,112.4
720575940642990733,R1-6,859024,404.15,142.4
720575940618132692,R1-6,848360,428.4,144.2
720575940618352162,R1-6,869700,103.06,399.2
720575940622105008,R1-6,844960,193.36,104.2
720575940625506279,R1-6,801752,139.88,80.6
720575940609458953,R1-6,839048,111.1,80.4
720575940629726979,R1-6,856296,507.52,205.2
720575940610782276,R1-6,800432,506.54,23
720575940616875462,R1-6,846748,404.38,252.6
720575940630456190,R1-6,820036,381.1,121
720575940618713757,R1-6,816468,435.26,43.8
720575940619159837,R1-6,886348,304.2,386.2
720575940622678110,R7,826648,412.06,282.2
720575940628239162,R7,770316,298.18,93.6
720575940629690923,R1-6,865498,378.62,262.2
720575940624582919,R1-6,879604,365.88,357
720575940632991303,R1-6,845872,314.98,122.4
720575940618856987,R1-6,794048,508.7,71.6
720575940613192421,R1-6,812924,108.84,120.8
720575940610554722,R1-6,886548,215.2,180.8
720575940621937846,R1-6,862772,416.68,244
720575940645059784,R7,838388,212.42,350.8
720575940619326262,R7,833676,436.56,404.6
720575940628302858,R8,843836,388.32,329.8
720575940629166953,R8,823072,175.7,297.6
720575940639608390,R1-6,875176,390.72,298.5
720575940628481301,R1-6,860656,436.3,163
720575940628037714,R1-6,855904,463.22,213.6
720575940621482223,R1-6,801404,82.36,80.8
720575940621220523,R1-6,802112,465.9,35.4
720575940615246247,R1-6,811152,62.82,97.2
720575940635763866,R1-6,829044,169.34,17.6
720575940628853992,R1-6,856916,244.76,144.2
720575940630524663,R1-6,863316,476.38,268.4
720575940650492025,R1-6,836580,39.92,173.6
720575940621362113,R1-6,817942,464.83,39.9
720575940630758967,R1-6,854540,71.34,297.6
720575940624090762,R1-6,838072,156.36,178.2
720575940628813316,R8,837284,300.6,292.2
720575940633235148,R1-6,867556,273.74,422.8
720575940639629382,R1-6,866908,271.42,104.2
720575940631487739,R1-6,800408,447.76,64.2
720575940618714525,R1-6,806612,473.16,40
720575940624775753,R1-6,874396,488.92,350.6
720575940634355682,R7,837792,299.48,292.2
720575940623976653,R1-6,852524,155.89,168.6
720575940621614836,R1-6,867432,56.9,223.6
720575940631811791,R1-6,846892,171.1,170
720575940630695927,R1-6,803196,385.12,72.2
720575940631966159,R1-6,853856,97.76,201
720575940624090918,R7,835788,222.22,323.6
720575940633254431,R1-6,876452,263.32,396.4
720575940608943708,R7,836224,359.27,222.5
720575940641193168,R1-6,867736,479.12,334
720575940632280204,R1-6,810304,17.7,123.8
720575940626400304,R8,837762,393.41,139.7
720575940614299107,R7,763960,375.54,112.6
720575940621896374,R1-6,839164,61.56,173.6
720575940611739634,R1-6,829872,199.24,111.4
720575940638767450,R1-6,853224,294.38,220.2
720575940631710671,R8,829248,62.54,347.7
720575940616656326,R1-6,810268,357.92,100.6
720575940629425994,R8,814332,222.3,236.6
720575940625817102,R7,843344,56.98,314
720575940642439899,R8,759440,250.98,81.2
720575940647525940,R8,832724,172.3,297.6
720575940626449200,R1-6,877492,288.38,433.2
720575940617360982,R1-6,826136,57.6,73
720575940636250360,R1-6,855304,202.34,163.4
720575940631278444,R7,839508,137.7,298.6
720575940633941459,R1-6,841708,218.94,184.6
720575940625820308,R1-6,885436,211,413.2
720575940612931570,R1-6,798944,484.98,68
720575940613574553,R8,841014,335.98,233.9
720575940616351810,R1-6,815264,307.42,69
720575940624244420,R8,850008,380.88,80.6
720575940617660555,R1-6,838772,43.4,80.4
720575940616850188,R1-6,866104,459.56,178.4
720575940612768369,R8,851184,369.68,257
720575940630603255,R8,802896,131.8,228.2
720575940609502473,R1-6,881244,210.1,417.8
720575940633128356,R1-6,876936,367.84,241.2
720575940616052639,R1-6,851280,496.28,257.6
720575940622534527,R1-6,853680,378.9,44.2
720575940640864163,R1-6,815912,108.5,73.6
720575940605444576,R1-6,850492,486.86,350.6
720575940634045651,R1-6,812544,398.24,41
720575940626648869,R1-6,872384,177.26,389.2
720575940613547798,R1-6,803196,345.48,28.6
720575940643425992,R7,783572,309.16,120
720575940632471107,R1-6,872840,385.76,390.4
720575940629914115,R8,835764,486.16,232.2
720575940619804830,R1-6,845006,12.08,180
720575940635011740,R1-6,826920,235.74,46.1
720575940634809251,R1-6,866404,443.44,274.6
720575940615280638,R1-6,825750.6666666666,113.34,58.6
720575940645314596,R1-6,867692,282.6,422.8
720575940622984524,R1-6,858676,508.42,160.2
720575940631719365,R1-6,798596,442.4,69.8
720575940621690221,R1-6,830296,119.4,80.6
720575940611921762,R1-6,877044,230.64,368.2
720575940625015629,R1-6,810916,150.8,72.6
720575940616894651,R1-6,819728,475.38,61.8
720575940619446357,R1-6,820684,129.06,31.4
720575940639696829,R8,832184,157.96,296.4
720575940633211300,R1-6,868704,501.54,265
720575940636300651,R1-6,854544,495.26,350.6
720575940643125636,R1-6,833108,463.92,52.2
720575940616113414,R1-6,833332,35.26,187.4
720575940611258414,R1-6,835632,354.62,160.2
720575940634306274,R7,831648,118.72,304.6
720575940627769240,R1-6,837332,65.8,128.2
720575940622780442,R1-6,808960,478.42,94.2
720575940621566630,R7,842484,141.22,350.8
720575940632631097,R8,807232,365.78,80.6
720575940615280551,R8,819336,383.68,80.6
720575940631972293,R1-6,879508,345.36,403.9
720575940631952715,R8,839144,470.36,301.8
720575940628211258,R1-6,863336,289.76,139.2
720575940627925842,R7,816960,106.86,273.3
720575940621774433,R1-6,812270,214.22,80.7
720575940625383572,R8,841574,388.62,226.8
720575940611664850,R1-6,808276,508.68,14.6
720575940623029765,R1-6,815964,157.28,57.5
720575940615059974,R1-6,856788,13.5,245.4
720575940632476739,R1-6,866524,329.32,239.2
720575940633122607,R8,814940,139.96,427
720575940615463058,R1-6,819810,146.53,45.7
720575940614600755,R1-6,875716,206.94,322
720575940624971337,R7,836342,264.64,299.8
720575940606725054,R1-6,820088,351.62,93.2
720575940629708075,R1-6,842796,75.46,80.6
720575940632940847,R1-6,876808,299.48,447.6
720575940633161799,R8,749596,114.48,92.2
720575940633196964,R1-6,858540,502.37,305.4
720575940634729241,R1-6,794640,447.5,63
720575940623960063,R1-6,871284,46,384.6
720575940630219770,R1-6,817940,467.12,60.6
720575940609239051,R1-6,851020,25.24,281.4
720575940621129920,R1-6,818798,70.61,54.8
720575940623098326,R1-6,837660,487.76,103.4
720575940629738575,R1-6,813220,487.44,20
720575940615102375,R1-6,870104,70.28,297.6
720575940621569371,R1-6,830056,489.24,50
720575940620413400,R1-6,857004,238.82,213.2
720575940624017961,R1-6,849962,288.96,61.3
720575940628289553,R1-6,811976,159.2,35
720575940642123765,R1-6,844808,47.4,179.2
720575940614762035,R7,823224,366.28,244
720575940605663148,R1-6,873148,431.54,355
720575940627709565,R8,832312,337.46,402.8
720575940632113682,R7,825224,428.02,244.2
720575940625106615,R1-6,843140,253.38,143.6
720575940619728286,R1-6,840396,131.9,185.6
720575940632419395,R7,840332,211.96,297.6
720575940615339170,R1-6,837176,364.76,66
720575940639755317,R1-6,869220,479.3,224.8
720575940615074302,R1-6,845696,11.46,233.6
720575940606182246,R8,893648,465.92,349.6
720575940628248463,R1-6,810028,44.66,67.4
720575940621079431,R7,845464,122.74,297.6
720575940611969378,R1-6,875460,283.72,427.6
720575940638805732,R1-6,813012,41.36,62.6
720575940610806340,R1-6,849816,326.26,101.2
720575940626751781,R1-6,867388,312.02,446
720575940622821289,R1-6,806224,99.1,145
720575940612761713,R1-6,806808,333.02,79.2
720575940632266794,R7,807860,366.94,80.6
720575940610022357,R8,832464,161.26,297.6
720575940627786136,R1-6,856812,252.98,189.4
720575940619344453,R7,835120,7.38,75
720575940619674678,R1-6,870064,368.48,428.6
720575940616904635,R1-6,817800,361.1,121
720575940613073138,R1-6,889208,214.72,398.6
720575940625604284,R1-6,810144,24,79.2
720575940610232696,R1-6,831046.6666666666,98.58,112.06666666666665
720575940606618982,R1-6,846956,243.69,13.8
720575940618534434,R1-6,821598.6666666666,154.03333333333327,34.733333333333356
720575940630455934,R1-6,820472,374.86,121
720575940632491843,R1-6,812468,12.88,89
720575940638924521,R1-6,864816,439.68,256.2
720575940647698740,R1-6,868052,39.18,480.2
720575940609983189,R1-6,868984,132.56,365.6
720575940626628298,R1-6,813864,25.72,78.6
720575940622406271,R1-6,844880,458.98,40.4
720575940645443620,R1-6,830680,62.06,132
720575940628851176,R1-6,869304,329.26,194.2
720575940620476240,R1-6,871136,466.47,287.4
720575940621670509,R1-6,854812,352.02,147.2
720575940623826125,R1-6,804696,471.72,67.2
720575940624349636,R1-6,846068,76.9,222.6
720575940635075740,R7,817568,452.84,230
720575940626866020,R7,845032,292.9,297.6
720575940622255937,R7,819418,298.93,178.9
720575940637825648,R1-6,826872,351.2,102.4
720575940628986954,R7,830908,4.76,468.4
720575940640310077,R1-6,842812,402.9,56.2
720575940618675969,R1-6,805000,169.72,57.6
720575940609201163,R1-6,870020,171.2,258
720575940648618628,R8,843124,144.88,350.8
720575940626802238,R7,824752,490.62,244
720575940635677082,R1-6,867540,86.12,369.2
720575940639279686,R7,806768,268.22,81.2
720575940613514649,R7,799664,409.46,188.6
720575940630995200,R7,840040,3.62,297.6
720575940629578256,R1-6,814560,28.44,101.6
720575940629722896,R1-6,844468,508.14,92
720575940636160504,R8,839664,7.62,297.6
720575940609652747,R1-6,826150,15.77,56.1
720575940626335888,R1-6,822708,168.38,76.6
720575940627958936,R8,813524,336.36,181
720575940624151432,R7,846348,258.68,280.8
720575940613278194,R7,820032,20.9,263.4
720575940628333992,R8,842824,439.08,290.6
720575940625708732,R1-6,859596,314.2,231
720575940610887886,R1-6,841304,122.68,17.6
720575940634801844,R7,826292,120.2,297.6
720575940633292461,R8,805880,269.7,81.2
720575940624214566,R1-6,850916,252.1,132
720575940621748902,R1-6,840644,80.8,141
720575940609501451,R1-6,799592,484.54,22.4
720575940631524805,R8,888696,501.14,350.6
720575940623633165,R1-6,868784,186.32,440.8
720575940622900257,R8,833680,443.78,249.2
720575940623470038,R1-6,847656,318.88,194.8
720575940622515188,R1-6,833156,483.16,95.4
720575940608031154,R1-6,879084,368.42,365.2
720575940627469058,R8,838076,340.16,373.2
720575940614698536,R1-6,849216,218.66,25.4
720575940634346382,R1-6,857400,59.22,274.6
720575940627418457,R1-6,847824,209.28,162
720575940619907032,R8,843960,200.48,465.8
720575940624691125,R8,837996,406.58,205.8
720575940634301154,R8,828656,127.32,272.6
720575940632746296,R8,825892,264.4,272
720575940638847807,R1-6,844464,167.56,152
720575940632012363,R1-6,801920,27.44,94.6
720575940629941351,R1-6,861744,452.34,145.2
720575940625906983,R1-6,826468,37,97
720575940618018141,R1-6,860484,500.86,350.6
720575940631368441,R1-6,793476,487.86,51.8
720575940633553709,R1-6,837468,70.1,120.2
720575940626712869,R1-6,820872,142.98,106.2
720575940627752600,R1-6,826604,3.48,120.2
720575940626681744,R8,864602,419.95,238.1
720575940644819400,R1-6,867592,240.14,443
720575940631207276,R7,837608,362.4,417.2
720575940629880475,R1-6,809848,495.26,94.2
720575940618871197,R8,863656,239.56,330.8
720575940617053115,R8,804012,393.38,181
720575940626995033,R8,808936,141.76,26.2
720575940626800944,R8,807666,442.9,257.1
720575940628623108,R1-6,808812,396.82,16
720575940622943207,R7,827744,101.8,297.6
720575940636253176,R1-6,825136,364.7,96
720575940627726973,R1-6,821964,150.58,84.2
720575940613201075,R7,769120,10.14,158.8
720575940624156100,R1-6,860960,383.32,139
720575940624260134,R1-6,803868,392.9,36.6
720575940625986087,R8,782216,212.86,135.2
720575940625709582,R7,833944,347.24,320
720575940627216924,R1-6,840864,209.46,148.2
720575940632396875,R7,784176,391.8,156
720575940639440454,R1-6,810992,397.4,78.4
720575940628063613,R7,835320,364.74,313
720575940635324572,R8,830460,355.15,290.1
720575940618600349,R1-6,865408,331.68,425
720575940621109419,R1-6,863848,506.28,176
720575940619626806,R1-6,856984,503.02,350.6
720575940623894057,R7,837712,178.3,350.8
720575940630993623,R1-6,832160,246.26,51.6
720575940612696282,R8,794160,208.14,164.4
720575940621589357,R1-6,843044,345.98,65
720575940631557228,R8,834508,442.58,262.8
720575940631898575,R1-6,853060,348.42,156.2
720575940609153372,R1-6,819864,16.7,93.6
720575940631732687,R7,823808,176.06,297.6
720575940621313216,R1-6,892608,279.02,397
720575940635234400,R1-6,818388,26.78,141.6
720575940616016287,R7,825340,14.94,419.2
720575940623783960,R1-6,834590,314.4,43.1
720575940628038789,R1-6,820172,467.14,84.8
720575940632056079,R1-6,865672,36.38,262.6
720575940640135758,R1-6,802496,502.44,58.4
720575940624699901,R8,826672,54.76,80.4
720575940610079683,R1-6,820544,66.46,80.4
720575940627185436,R8,807896,342.26,197.2
720575940640866432,R1-6,847556,459.22,94.6
720575940639439174,R7,843330,174.63,457.9
720575940612797146,R1-6,876016,299.34,241
720575940633235537,R1-6,881416,310.54,337
720575940612982770,R8,821560,376.68,80.6
720575940616137322,R8,769884,14.86,158.8
720575940635374231,R7,834484,276.8,254
720575940630718976,R1-6,821536,20.03,153.1
720575940627852810,R1-6,862804,253.12,217
720575940608617429,R1-6,847680,430.58,68
720575940620878539,R7,828712,167.1,278
720575940641763981,R8,824256,42.9,294.6
720575940637806766,R7,791296,415.56,172.6
720575940627859337,R1-6,802200,273.72,88.2
720575940625258640,R1-6,834892,36.42,204
720575940625203720,R1-6,818536,208.9,103.2
720575940616112543,R8,822660,102.24,322
720575940621958576,R1-6,807080,40.22,62.2
720575940615816671,R1-6,880164,402.28,311.4
720575940608998236,R1-6,867856,44.22,340.2
720575940616763698,R1-6,808592,132.92,58.7
720575940621482177,R1-6,827340,294.38,65.8
720575940628572420,R1-6,816012,64.08,125.6
720575940629043708,R8,830496,140.12,329
720575940630002791,R1-6,806684,287.04,30.8
720575940627301032,R1-6,861996,131.66,239.2
720575940627180290,R8,842936,243.72,184.6
720575940625724174,R1-6,836220,482.18,28.5
720575940628746312,R8,824076,464.1,263
720575940622294221,R8,843760,379.52,254
720575940618875549,R8,814616,439.54,233
720575940630958652,R1-6,864656,275.04,253.4
720575940624349674,R7,839284,43.54,481.4
720575940618991685,R1-6,868920,175.72,472
720575940617529629,R1-6,811420,144.9,34.6
720575940614654248,R1-6,800124,383.22,13.2
720575940627913609,R1-6,823380,92.25,53.2
720575940615463422,R1-6,860160,195.74,292.8
720575940609408836,R1-6,826044,137.24,140.8
720575940633463085,R1-6,871856,393.2,330.4
720575940624639978,R8,884304,370.32,297.6
720575940628445973,R1-6,831100,249.88,116
720575940616805644,R1-6,882060,289.04,343.4
720575940625627379,R1-6,859268,474.04,152.2
720575940642191323,R1-6,874388,184.74,350.6
720575940613782294,R7,843668,187.76,350.6
720575940613598322,R1-6,825992,222.74,53
720575940631213686,R1-6,835324,66.08,80.4
720575940621836897,R1-6,862896,41.4,491.6
720575940620102193,R1-6,859596,447.4,310.4
720575940624456388,R1-6,863224,430.78,150.8
720575940624686855,R1-6,808316,91.42,80.6
720575940629213801,R1-6,811920,316.04,37.8
720575940617885243,R1-6,803240,15.74,106.4
720575940625634748,R1-6,855632,372.02,181.6
720575940612709489,R1-6,809596,429.66,72.6
720575940637087095,R1-6,817084,181.2,112.4
720575940620772437,R1-6,805516,500.22,76.8
720575940628642044,R8,840248,113.38,354.6
720575940619802166,R1-6,850880,282.58,154.6
720575940626426701,R8,822640,344.2,246.4
720575940611986602,R1-6,828672,102.66,98.8
720575940640040270,R1-6,844964,287.8,142
720575940633668179,R1-6,841148,39.9,204.6
720575940626097241,R1-6,877780,480.98,183.2
720575940619742878,R1-6,861576,441.45,185.7
720575940609209180,R7,827112,259.16,81
720575940629948519,R1-6,818852,48.74,119
720575940637443214,R1-6,806892,405.62,61.8
720575940624192550,R1-6,872588,318.12,452.4
720575940640344629,R1-6,805668,462.25,77
720575940616850444,R1-6,858592,481.26,193
720575940623749645,R1-6,852876,285.62,154.4
720575940627229461,R1-6,878128,458.08,290.4
720575940660931713,R7,841364,179.16,406.2
720575940618682964,R1-6,856544,16.74,452
720575940624375274,R1-6,850312,218.96,168.8
720575940619277120,R1-6,812904,19.2,130.6
720575940627211522,R8,849920,343.18,297.6
720575940627418969,R1-6,847744,317.22,82
720575940639939261,R1-6,850348,366.32,142
720575940619064389,R1-6,867308,307.16,436.6
720575940630718464,R1-6,814608,240.84,125.8
720575940629380201,R1-6,874012,44.98,443.6
720575940611491960,R1-6,806420,90.72,85.4
720575940616412127,R1-6,872676,168.8,336
720575940613826019,R1-6,829372,47.28,65.2
720575940627866245,R1-6,871400,452.14,268.8
720575940642000692,R1-6,875684,199.66,481.2
720575940622088112,R1-6,855309.3333333334,42.946666666666715,227.46666666666664
720575940632433219,R1-6,860200,467.56,350.6
720575940616297119,R1-6,811980,504.16,21.4
720575940628382376,R1-6,855132,131.12,164.8
720575940618185105,R1-6,870160,474.7066666666666,251.66666666666663
720575940625662707,R1-6,836516,182.14,120.2
720575940628799050,R1-6,860484,25.82,223.8
720575940617804427,R1-6,867708,384.04,425.2
720575940618485945,R8,823148,34.18,292
720575940616839180,R1-6,805484,420.28,19.2
720575940607909554,R8,823460,133.78,290.4
720575940619751734,R1-6,822208,372.46,93.2
720575940617528662,R1-6,878552,247.3,446.2
720575940621853701,R1-6,865612,75.48,186
720575940633678756,R1-6,829620,105.7,60.3
720575940621974710,R1-6,845368,240,143.6
720575940623649379,R1-6,816268,45.1,122.4
720575940644366240,R1-6,835436,43.36,212.4
720575940630043495,R1-6,858184,452.3,139.8
720575940618773531,R1-6,839212,384,50
720575940644792264,R1-6,844660,68.92,222.6
720575940625750164,R7,798960,51.06,228.8
720575940630784000,R1-6,854956,483.68,227.4
720575940632482105,R8,836184,425.42,286.4
720575940628390404,R8,740908,103.52,169
720575940619745438,R1-6,852014,346.78,72
720575940630238567,R8,838460,363.58,404.6
720575940624483475,R7,842008,284,276.5
720575940629373995,R1-6,867572,458.6,285
720575940627826057,R1-6,871976,397.92,423.4
720575940609229835,R1-6,860336,83.7,268.6
720575940629542928,R7,829032,243.08,314.8
720575940611480696,R1-6,801628,467.56,67.2
720575940631050204,R1-6,812736,93.58,80.6
720575940640579124,R1-6,877686,166.94,320.1
720575940621283675,R1-6,881172,325.28,280.8
720575940632812615,R1-6,871036,368.7,384.2
720575940646200686,R1-6,812976,141.68,56
720575940613619353,R1-6,840404,254.86,142.2
720575940625775655,R1-6,854080,376.64,173.6
720575940621680481,R8,780816,480.86,166.2
720575940620728405,R1-6,875984,402.94,403.4
720575940639403317,R1-6,881156,284.26,319.2
720575940640910464,R1-6,855240,31.34,216.2
720575940622366704,R7,833072,24.8,470.4
720575940633101260,R7,837904,72.28,356.6
720575940613895395,R1-6,852476,224.18,164.8
720575940628437562,R1-6,872852,393.72,274.2
720575940637330574,R1-6,846072,178.92,133.8
720575940650505081,R8,830876,400.06,206.8
720575940637042533,R8,826924,143.88,281.3
720575940621832801,R1-6,823056,160,55.6
720575940612696177,R1-6,871816,379.82,216.2
720575940625812408,R7,818184,67.6,307.2
720575940628970183,R1-6,863120,348.32,240.6
720575940617999931,R8,810878,504.26,216.3
720575940631380086,R1-6,845016,56.46,210.8
720575940605822176,R8,835400,353.24,332.8
720575940628396049,R1-6,865728,3.06,432.8
720575940623123532,R1-6,845752,193.26,171
720575940618878747,R1-6,859768,486.86,152.6
720575940625853479,R1-6,853820,377.68,161.4
720575940622760798,R1-6,849000,192.26,189.2
720575940644545952,R1-6,868224,397.76,191.4
720575940621949249,R1-6,834340,169.58,116.6
720575940616853947,R1-6,818540,7.06,76.8
720575940624073510,R8,845744,170.28,348.4
720575940607647433,R1-6,855180,472.62,127.6
720575940624286698,R8,823444,159.08,297.4
720575940640419133,R1-6,867356,98.76,248.8
720575940642206683,R1-6,836732,91.4,80.4
720575940638214878,R8,827000,376.76,252.2
720575940618455074,R8,827768,380.98,283.4
720575940630420727,R1-6,873960,456.52,296.2
720575940636344056,R1-6,853704,362.71,174.5
720575940624028515,R8,858428,400.02,80.6
720575940639370310,R1-6,805562,222.54,68.5
720575940609630987,R1-6,841860,487.2,84.4
720575940642117621,R1-6,854504,252.42,135.2
720575940628426257,R7,822704,57.86,271.8
720575940625877762,R1-6,814944,151.44,109.2
720575940618576866,R1-6,845876,506.16,109.6
720575940638875967,R1-6,808638,21.98,109.6
720575940625165897,R8,833768,292.76,306.2
720575940615781179,R7,820888,98.56,299.2
720575940623796041,R1-6,868458,142.99,198.8
720575940629612075,R8,833816,276,254
720575940620718727,R8,819284,438.4,242.2
720575940629012732,R7,831632,304.92,370.4
720575940659627649,R1-6,864144,159.64,177.8
720575940625170155,R1-6,840264,414.12,64.2
720575940618574493,R8,763878.6666666666,458.45333333333343,139
720575940614921523,R1-6,864880,374.98,215.2
720575940638280414,R1-6,803836,244.24,23
720575940626896528,R1-6,799952,292.68,89.2
720575940633358796,R1-6,834200,368.24,2.6
720575940622940492,R1-6,849384,52.48,272.2
720575940640432755,R1-6,843720,301.96,146.2
720575940614750127,R1-6,817284,180.64,79
720575940626044348,R8,818732,62.2,297.4
720575940631908114,R1-6,845876,27.04,278.4
720575940612091342,R1-6,811784,175.52,50.8
720575940621670235,R1-6,845320,296.26,122.2
720575940627785597,R1-6,853060,311.5,112.6
720575940629544195,R8,827936,93.5,297.2
720575940627912884,R1-6,880780,301.68,437
720575940609853653,R1-6,866112,410.96,172.4
720575940605869228,R1-6,814908,70.52,127.8
720575940623289565,R1-6,817524,188.71,20.3
720575940609059164,R1-6,802332,98.76,80.6
720575940630671932,R1-6,850120,0.8,268
720575940634328290,R7,816900,489.44,263
720575940633974483,R1-6,844320,68.4,80.4
720575940623123881,R7,822552,299.9,297.1
720575940631182807,R1-6,865484,304.14,451
720575940607977858,R1-6,804452,283.1,37.8
720575940611293230,R1-6,858020,504.58,185.2
720575940622245759,R1-6,888688,469.04,230.6
720575940613206169,R1-6,859704,70.58,472.2
720575940607965570,R1-6,823696,160,81.4
720575940627730584,R1-6,867904,498.02,331.6
720575940634840857,R1-6,882156,369.58,339.8
720575940635005347,R1-6,871076,443.6,210.8
720575940629040134,R1-6,865280,360.7,161.8
720575940625299947,R1-6,854888,112.66,188.2
720575940612863450,R1-6,837936,323.58,121.6
720575940621728865,R1-6,817964,375.94,121
720575940648335748,R8,839396,369.26,234.4
720575940624937707,R1-6,861924,8.58,277.4
720575940620159192,R1-6,867868,488.48,270.8
720575940624795829,R8,847644,326.4,335.6
720575940621545819,R7,796312,496.37,209.9
720575940623258845,R1-6,841612,89.08,149.2
720575940631290063,R1-6,865872,163.02,475.4
720575940613305829,R1-6,816768,195.08,59.2
720575940626039373,R1-6,844428,413.5,72.2
720575940640499315,R1-6,826336,160.18,81.4
720575940628905379,R1-6,865024,362.64,224.6
720575940612989170,R1-6,818656,493.76,94
720575940615939178,R1-6,823968,341.1,110
720575940622044336,R1-6,824840,476.28,34.8
720575940632318250,R1-6,812392,408.09,30.6
720575940611527800,R1-6,843648,399.52,79.2
720575940631228665,R7,781412,294.24,123.4
720575940627720329,R1-6,877216,445.76,372.2
720575940624260390,R7,816676,475.48,215
720575940614937666,R8,830236,147.88,297.4
720575940619821470,R1-6,875460,439.44,405.6
720575940628733205,R1-6,815170,291.76,43.1
720575940626891838,R1-6,808504,170.2,50.2
720575940616093855,R7,819120,198.78,160.8
720575940606313918,R1-6,869444,116.12,307.6
720575940614704424,R1-6,867120,89.78,478.4
720575940626711226,R1-6,812152,229.88,125.8
720575940612747889,R1-6,864048,473.72,310.4
720575940618266001,R1-6,823466,177.25,78.1
720575940632038219,R1-6,810872,119.22,80.6
720575940612489365,R1-6,851840,272.84,37
720575940637374606,R1-6,848284,461.62,127.6
720575940613064434,R1-6,881216,191,433.2
720575940638645823,R1-6,854120,146.52,202.6
720575940608918108,R8,834996,498.88,282.6
720575940632101906,R1-6,819600,471.86,21.4
720575940614661416,R1-6,844916,82.1,215.8
720575940628463176,R1-6,844740,3.6,193
720575940621543083,R8,843552,314.55,258.3
720575940618179165,R1-6,872064,306.42,395.6
720575940615352482,R1-6,800308,73.08,80.6
720575940622889310,R1-6,855728,489.54,127.6
720575940615858143,R1-6,864944,468.36,260.6
720575940624447722,R1-6,816572,416.42,71.4
720575940627243609,R1-6,866332,429.38,349.6
720575940622614260,R7,827700,417.86,293
720575940627134210,R1-6,804300,92.06,145
720575940628849404,R1-6,797932,429.58,1.6
720575940621324564,R8,756792,229.24,174.2
720575940618712660,R1-6,877516,200.44,465.8
720575940624103209,R1-6,812892,421.8,24.2
720575940635434943,R1-6,870468,421.08,393
720575940640026165,R1-6,798528,385.2,70.1
720575940612969139,R1-6,868758,415.49,390.4
720575940629213127,R8,836408,384.89,325.5
720575940623891917,R1-6,825500,359.04,37.8
720575940632504680,R1-6,818344,367.9,93.2
720575940616898098,R1-6,819408,73.5,141.4
720575940640255139,R1-6,857040,14.54,298.6
720575940620697941,R1-6,819384,482.84,47.8
720575940626530704,R1-6,836212,246.1,11
720575940625492455,R1-6,859588,292.16,142.8
720575940638837338,R1-6,873956,120.36,466.2
720575940624569066,R1-6,873224,298.58,257
720575940640396861,R1-6,865376,252.44,425
720575940615424674,R1-6,834916,309.74,121.6
720575940621187265,R1-6,864840,92.2,291.4
720575940630589378,R1-6,831132,80.82666666666671,95.2
720575940639215686,R1-6,871852,250.06,276.8
720575940619768734,R1-6,859672,5.38,338.6
720575940648565892,R7,779508,72.5,145
720575940631547991,R8,827364,313.4,81
720575940622628852,R1-6,851584,302.96,127
720575940622594586,R1-6,852668,54.54,290.6
720575940640681816,R1-6,824672,199.22,45
720575940623924248,R1-6,879684,377.48,279
720575940632922951,R1-6,821272,497.32,39.2
720575940619839646,R1-6,875744,164.14,499.4
720575940630825772,R1-6,811637.3333333334,45.446666666666715,51.4
720575940645689892,R7,819772,62.04,297.4
720575940624147396,R1-6,843736,382.84,105.8
720575940606684593,R1-6,825972,35.1,102
720575940622426484,R1-6,811746,292,1.2
720575940631406329,R8,800612,366.38,102
720575940605861036,R1-6,855460,362.64,187.6
720575940632050986,R8,818612,20.7,297.4
720575940628201786,R8,842004,168.72,429.8
720575940629862811,R1-6,858648,120.46,232
720575940636028664,R8,827536,86.96,297.4
720575940629372521,R7,840216,249.9,388.6
720575940617996249,R1-6,829072,247.28,116
720575940609505545,R7,832798,322.88,368.3
720575940628128275,R7,835404,262.78,308
720575940606470846,R1-6,828916,183.63,39.5
720575940617695778,R1-6,840824,86.7,262.4
720575940621117121,R7,834004,472.18,426.2
720575940627236636,R1-6,818588,393.98,67.2
720575940625261547,R7,851604,371.08,257
720575940606689713,R7,839164,311.82,176.5
720575940616213314,R1-6,872136,509.56,350.6
720575940629313641,R1-6,820348,298.8,72.2
720575940620259377,R7,838286,194.23,415.7
720575940629391977,R1-6,867356,305.52,180.4
720575940631590085,R1-6,832692,117.28,80.4
720575940623756824,R1-6,834332,202.38,65.8
720575940625492152,R8,763128,52.32,141.4
720575940630354170,R1-6,827676,231.48,61.4
720575940621474330,R7,831860,314.48,273.4
720575940617914841,R1-6,840960,308.02,42.8
720575940628129413,R1-6,848106.6666666666,221.37333333333342,137.8
720575940622770458,R1-6,826145,368.06,75.4
720575940623740621,R1-6,868144,456,348.2
720575940631008060,R1-6,834952,133.02,80.6
720575940618398498,R1-6,829664,424.88,64.8
720575940608310402,R1-6,865836,446.96,402.6
720575940616743218,R1-6,851416,23.9,208.6
720575940614640815,R7,801092,36.84,235.8
720575940607124707,R1-6,843708,31,214.8
720575940615436178,R7,836244,229.76,376
720575940648324996,R1-6,864120,163.26,437.2
720575940633942995,R1-6,824224,402.08,32.2
720575940606828465,R7,823088,29.04,338.4
720575940615454626,R1-6,860448,368.76,188.4
720575940614721199,R1-6,868848,386.38,386.8
720575940640006197,R1-6,871976,219.82,459
720575940618121565,R1-6,830048,424.32,44.8
720575940628793768,R1-6,835128,306.72,42
720575940626600378,R1-6,881404,365.18,409
720575940640310589,R1-6,834244,194.68,77.6
720575940624989960,R7,829912,17.36,386.2
720575940616712646,R1-6,881136,207.42,435.4
720575940617719099,R1-6,863804,197.32,259.6
720575940647182627,R7,826868,379.26,281.8
720575940611013678,R1-6,879152,421.64,345.4
720575940627618078,R1-6,861300,428.26,223.4
720575940628109578,R1-6,805656,502.24,32.6
720575940648386436,R1-6,872888,158.58,379.8
720575940625158206,R7,871512,287.34,226.6
720575940640885336,R1-6,870476,70.3,486.6
720575940616003990,R1-6,798520,413.98,44.4
720575940625790136,R1-6,840432,110.04,175
720575940627148234,R7,815580,465.92,254.6
720575940620089211,R8,829516,18.82,386.2
720575940620594000,R1-6,838716,344.88,156.8
720575940614884817,R1-6,866456,454.09,316.8
720575940613161386,R7,834744,133.54,297.6
720575940634774684,R1-6,868720,408.72,317.4
720575940645345828,R1-6,800720,90.02,80.6
720575940624336618,R1-6,864344,79.86,347.8
720575940615173799,R7,850476,96.28,303.6
720575940645163464,R1-6,804580,504.12,60.8
720575940627144323,R8,833368,412,297.4
720575940639837373,R8,841680,312.34,286.2
720575940647127940,R1-6,834860,209.18,142
720575940638602217,R1-6,860792,97.06,287
720575940636063339,R7,776036,183.74,132.4
720575940625486776,R1-6,872452,168.78,306.8
720575940635662271,R1-6,831628,139.68,94.6
720575940605571040,R1-6,871538,413.57,252.7
720575940627312729,R7,831032,139.62,329
720575940622719732,R1-6,811332,342.14,12.4
720575940629158140,R1-6,848132,382.74,142
720575940620925204,R1-6,870952,430.64,361
720575940638724698,R1-6,820772,371.42,33.8
720575940621459905,R7,829892,467.12,315.8
720575940620954477,R1-6,879360,424.06,301.6
720575940629362492,R1-6,880724,414.58,338.4
720575940655753633,R1-6,829884,222.34,152
720575940607824050,R1-6,876304,334.12,261.4
720575940606531811,R1-6,835116,60.54,80.4
720575940638844223,R1-6,847300,188.84,190.4
720575940621557743,R7,827564,11.9,415.6
720575940628008018,R1-6,838420,466.98,109.2
720575940624049034,R1-6,807672,87.74,145
720575940626462864,R7,823984,58.12,351.4
720575940628635304,R1-6,875512,157.4,402.4
720575940622664453,R1-6,865440,363.18,213.4
720575940631278807,R1-6,886380,225.46,415.4
720575940622896041,R1-6,883420,491.72,241.6
720575940619860022,R1-6,872008,429.7,426.8
720575940624149128,R1-6,829656,390.5,57.4
720575940611252526,R1-6,810560,62.68,61.8
720575940606437990,R1-6,818116,492.44,26.4
720575940624309139,R1-6,813396,125.36,64.2
720575940622057332,R8,844712,190.4,350.6
720575940632558184,R7,844468,215.78,425
720575940621019557,R1-6,869020,383.22,403.4
720575940640926592,R1-6,848184,190.16,176.4
720575940610806478,R1-6,852724,227.96,176.6
720575940627232954,R1-6,883732,288.34,387.6
720575940613514098,R7,827506,64.14,340.5
720575940620681552,R1-6,808344,493.84,24
720575940630873660,R1-6,871344,498.18,409.6
720575940624160038,R1-6,836216,193.84,91.6
720575940616858636,R8,808608,266.02,229.8
720575940623906815,R1-6,825292,475.64,95
720575940621777135,R1-6,809292,226.66,85.4
720575940637247333,R1-6,864796,398.08,399.2
720575940606723942,R1-6,805752,217,27.8
720575940605547488,R1-6,832784,157.68,67.8
720575940636386222,R1-6,851000,232.22,167.8
720575940627994122,R1-6,837140,431.64,50.8
720575940625091837,R7,843700,390.5,329.8
720575940625111696,R1-6,882112,287.28,182
720575940626774064,R7,831068,282.62,81
720575940629626923,R1-6,842916,132.4,185.6
720575940636024730,R1-6,836256,492.66,60.8
720575940618733140,R1-6,864568,134.92,435.8
720575940622562431,R1-6,832820,54.24,145.4
720575940634805667,R1-6,861992,429.6,314
720575940628243002,R7,799434,493.28,208.3
720575940630776108,R1-6,874268,172.45,325.5
720575940629048070,R1-6,861932,489.36,386.4
720575940606482022,R1-6,863560,507.92,203.8
720575940630171959,R8,797572,334.2,207.8
720575940635357024,R7,801456,368.98,102
720575940629228137,R1-6,885428,473.32,254.6
720575940641840948,R1-6,833368,242,20.2
720575940632860812,R1-6,866744,159.14,437.2
720575940625608124,R1-6,827988,351.72,88.4
720575940607890121,R8,867184,198.28,290.2
720575940621707430,R1-6,799388,252.24,18.8
720575940640368189,R1-6,803328,417.14,26.4
720575940639674200,R8,831276,152.08,297.6
720575940632974417,R1-6,845504,236.3,7.8
720575940632055311,R1-6,844488,241.2,7.8
720575940637268110,R1-6,847848,54.54,350.8
720575940616946630,R7,834618,109.4,339
720575940613094067,R1-6,815552,231.76,54.2
720575940628301224,R1-6,848716,481.14,350.6
720575940618282937,R1-6,853636,476.78,173.4
720575940619144000,R7,822968,75.48,297.6
720575940622520670,R1-6,865408,409.12,326
720575940624260646,R8,816324,476.62,215
720575940618086356,R1-6,860776,260.84,191.6
720575940634757145,R1-6,803864,184.76,75
720575940632100394,R1-6,854512,178.42,350.8
720575940617241275,R1-6,876216,248.56,477.2
720575940620406744,R1-6,841132,268.23,28.4
720575940645984366,R1-6,846404,22.94,267
720575940616150431,R1-6,839500,333.38,64.8
720575940635568026,R7,783392,486.96,171.6
720575940640445555,R1-6,863264,53.78,357.4
720575940638818025,R1-6,808024,235.36,93.4
720575940628570088,R1-6,862872,501.98,404
720575940624306579,R1-6,829900,486.48,105.6
720575940624992747,R1-6,855524,166.52,199.2
720575940636704879,R1-6,839252,467.78,116.2
720575940632852817,R1-6,875762,400.95,308.5
720575940618798619,R1-6,850240,42.34,207.6
720575940628103762,R1-6,795932,417.22,44.4
720575940640315701,R1-6,801288,333.48,38.2
720575940623917336,R1-6,808994,315.49,32.1
720575940627277340,R1-6,811528,486.64,24
720575940630314110,R7,888492,499.42,350.6
720575940639989181,R8,842124,202.96,350.6
720575940639003455,R8,814688,344.86,239.2
720575940625734439,R1-6,840824,58.76,173.6
720575940643054733,R8,853160,236.96,310.8
720575940627747721,R1-6,866228,458.5,305
720575940626717114,R7,826052,266.68,251.4
720575940624444686,R1-6,804544,178.2,34.2
720575940611758034,R8,822464,198.88,277.4
720575940622397168,R7,839444,52.7,352.2
720575940625634830,R8,838200,223.24,323.6
720575940631907346,R1-6,890884,480.94,326
720575940625417447,R7,817960,32.62,299.2
720575940620609365,R1-6,802836,48.96,78.4
720575940630906167,R1-6,816800,485.08,56.2
720575940624221832,R1-6,818586,228.07,8.4
720575940627800701,R1-6,798252,498.6,16.6
720575940606316222,R1-6,820144,32.84,53.6
720575940621660781,R1-6,801704,487.06,31.8
720575940627721624,R1-6,827650,369.54,77.1
720575940630572738,R1-6,817684,467.4,24.4
720575940613086181,R1-6,829840,85.28,80.4
720575940629200369,R1-6,860224,164.88,175.4
720575940632504387,R1-6,850716,495.9,164.6
720575940613904355,R1-6,819436,60.14,80.4
720575940621106597,R1-6,824412,207.18,7.4
720575940626642725,R1-6,848556,331.5,201.6
720575940624798391,R1-6,844912,137.26,199.6
720575940628251273,R1-6,840696,263.9,44.6
720575940644422816,R1-6,870568,94.98,511.4
720575940626508325,R1-6,879088,237.56,313.8
720575940619199557,R1-6,847156,380.2,107.8
720575940627302019,R1-6,852840,472.62,69.8
720575940655842209,R1-6,873704,141.34,383.4
720575940628073554,R8,799096,308.6,80.6
720575940621592815,R1-6,810804,62.2,107.2
720575940605160550,R1-6,854252,485.44,245.4
720575940638646335,R1-6,859928,234.42,226.4
720575940631280889,R1-6,861704,123.15,362.8
720575940618950913,R1-6,881986,252.56,479
720575940629613840,R1-6,855756,21.32,468.2
720575940624852297,R1-6,866244,248,220
720575940622583284,R1-6,855704,30.84,313.2
720575940615460364,R1-6,819504,32.02,96.2
720575940632517955,R1-6,805980,120.2,80.6
720575940615385706,R7,840234,210.88,433.5
720575940611600504,R1-6,801512,400.62,34.6
720575940627515624,R1-6,820676,121.69,79.8
720575940618234769,R1-6,855440,213.02,173.2
720575940638119134,R1-6,867380,475.2,350.6
720575940611053892,R1-6,813428,177.36,89.8
720575940623253469,R1-6,833940,72.18,80.4
720575940636324276,R1-6,803568,405.66,17.8
720575940639827901,R1-6,877024,328.78,424.2
720575940620620112,R1-6,869300,300.12,268.2
720575940626750666,R1-6,822088,443.8,80.2
720575940624152344,R8,827794,65.67,340.5
720575940622514815,R1-6,862732,268.54,253.4
720575940638835177,R1-6,836028,69.72,125.8
720575940632215594,R1-6,842220,24.36,214.8
720575940609667285,R1-6,870192,225.94,264.6
720575940635372183,R1-6,866882,191.93,432.9
720575940630306942,R8,828484,101.88,297.6
720575940639358790,R1-6,813672,361.12,100.6
720575940611588050,R8,823004,480.6,301.2
720575940627447897,R1-6,815720,181.9,171
720575940612629978,R1-6,855296,464.8,310.6
720575940631309164,R1-6,825772,10.94,98
720575940640318772,R1-6,851416,68.06,237.2
720575940623743768,R7,834068,241.9,253.6
720575940638026974,R7,827940,85.02,297.6
720575940613263333,R1-6,841480,76.18,80.6
720575940637495524,R1-6,819244,120.37,90.8
